{"cameraMode":{"drawMode":0,"name":"Shaded","section":"Shading Mode"},"sceneLighting":true,"audioPlay":false,"sceneViewState":{"showFog":true,"showMaterialUpdate":false,"showSkybox":true,"showFlares":true,"showImageEffects":true,"showParticleSystems":true},"in2DMode":false,"pivot":{"x":-0.5134642720222473,"y":0.6795977354049683,"z":-0.06823277473449707},"rotation":{"x":-0.03411639481782913,"y":0.9657166600227356,"z":-0.19104880094528199,"w":-0.1724388301372528},"size":2.8578836917877199,"orthographic":false}